URL,Title
https://www.ulbjammu.org/double-increase-in-pension/,"दिल्ली जीतने की खुशी में बड़ा ऐलान, 3 बड़ी योजनाएं शुरू, सभी की पेंशन हुई दोगुनी, 200 यूनिट फ्री बिजली बंद, सभी महिलाओं को ₹2100 रुपये मिलेंगे"
https://www.ulbjammu.org/fastag-update/,"FASTAG का सिस्टम हुआ खत्म, 1 मार्च 2025 से इस तरीके से कटेगा टोल टैक्स"
https://www.ulbjammu.org/up-greenfield-highway/,"यूपी को एक और हाईवे की सौगात: इन जिलों से होकर गुजरेगा छह लेन का ग्रीनफील्ड हाईवे, आसमान छुएंगे जमीनों के दाम"
https://www.ulbjammu.org/post-office-nsc-scheme/,Post Office NSC Scheme : 80 हजार रूपये जमा करने पर 5 साल बाद मिलेंगे इतने रूपये
https://www.ulbjammu.org/delhi-government-news/,"सरकार बनते ही दिल्ली के लोगों की आयी मौज पेंशन, बिजली और महिलाओं के लिए ये 5 खास बदलाव"
https://www.ulbjammu.org/retirement-age-hike-news-update/,Government Announces Major Retirement Age Hike: A Lifelong Relief for Government Employees
https://www.ulbjammu.org/retirement-age-hike-latest-news/,Retirement Age Hike Latest News : सभी सरकारी कर्मचारियों को मिली उम्र भर की खुशखबरी! रिटायरमेंट उम्र सीमा को लेकर सरकार ने किया ऐलान
https://www.ulbjammu.org/lic-jeevan-anand-policy/,LIC Jeevan Anand Policy : प्रतिमाह ₹1358 रुपये जमा करने पर मिलेंगे 25 लाख रूपये इतने साल बाद
https://www.ulbjammu.org/up-new-city/,"UP में नया शहर बसने की तैयारी, 15 गांव के किसान बनेंगे करोड़पति, जमीन अधिग्रहण से बदल जाएगी किस्मत, जानें पूरी डिटेल्स"
https://www.ulbjammu.org/indias-nine-expressway-news/,The Only Indian City with 9 Expressways – A Road Network Revolution
https://www.ulbjammu.org/former-cm-of-delhi/,"न बंगला, न सैलरी! तो आखिर अरविंद केजरीवाल को मिलेगी कितनी मोटी पेंशन? जानिए दिल्ली के पूर्व CM के लिए क्या हैं खास प्रावधान"
https://www.ulbjammu.org/naya-shahar-yojna/,"UP में बसेगा नया शहर, 15 गांव के किसान होंगे मालामाल, जमीन अधिग्रहण प्रक्रिया होगी शुरू"
https://www.ulbjammu.org/railway-senior-citizen-concession/,"Railway senior citizen concession : 15 फरवरी से सीनियर सिटीजन को मिलेगा 50% छूट का लाभ, अब लंबी यात्रा होगी सस्ती"
https://www.ulbjammu.org/up-kisan-news/,UP Kisan News : योगी सरकार ने किसानों को दी बड़ी खुशखबरी! गेहूं के समर्थन मूल्य में की इतने रुपए की बढ़ोतरी 
https://www.ulbjammu.org/retirement-age-hike-latest-update/,Government Announces Retirement Age Increase: A Big Relief for Employees!
https://www.ulbjammu.org/retirement-age-increase/,"Retirement Age Increase : Court Orders Major Change, Employees Won’t Retire at 60 Anymore"
https://www.ulbjammu.org/retirement-age-hike-news/,"Retirement Age Hike News : रिटायरमेंट को लेकर कोर्ट का आदेश जारी, 60 वर्ष की उम्र में अब नहीं होंगे रिटायर"
https://www.ulbjammu.org/new-pension-rules/,New Pension Rules 2025 : क्या मार्च 2025 से विधवा और दिव्यांग पेंशन में होंगे बड़े बदलाव? जानिए नई शर्तें
https://www.ulbjammu.org/pension-rules/,पेंशन में नई शर्तें! विधवा और दिव्यांगों के लिए मार्च 2025 से शुरू हो रहे हैं बड़े बदलाव
https://www.ulbjammu.org/post-office-nsc-scheme-news/,"Post Office NSC Scheme : Invest ₹80,000 and Get This Amount After 5 Years"
https://www.ulbjammu.org/land-lease/,"ग्राम पंचायतों के लिए खुशखबरी, 58 लाख ग्रामीणों को मिलेंगे जमीन के पट्टे"
https://www.ulbjammu.org/new-highway/,"10199 करोड़ की लागत से बनेगा नया फोरलेन हाईवे, जमीन मालिकों की हो गई बल्ले-बल्ले New Highway"
https://www.ulbjammu.org/lic-scheme-news/,"LIC की जबरदस्त स्कीम! ₹1800 महीना जमा करें और पाएं पूरे ₹8 लाख, तुरंत जानें डिटेल्स"
https://www.ulbjammu.org/eps-95-pension-benefits/,"EPS-95 Pension Benefits : How You Can Get ₹1,000 to ₹7,500 Monthly Pension"
https://www.ulbjammu.org/up-news/,"UP News : यूपी में फिर शुरू होगा भूमि अधिग्रहण, राष्ट्रीय राजमार्ग 91-ए को बनाया जाएगा फोरलेन"
https://www.ulbjammu.org/gram-panchayat-land-leases/,"गांववालों के लिए बड़ी खुशखबरी! ग्राम पंचायत दे रही है जमीन के पट्टे, जानें कैसे करें आवेदन"
https://www.ulbjammu.org/widow-pension-scheme/,"Widow Pension Scheme : विधवा पेंशन में बंपर बढ़ोतरी अब हर महीने मिलेंगे इतने हज़ार रुपये एक्स्ट्रा, तुरंत चेक करें"
https://www.ulbjammu.org/widow-pension-scheme-update/,"Widow Pension Scheme: विधवा महिलाओं के लिए बड़ी राहत! हर महीने सरकार दे रही इतने रुपये, तुरंत जानें कैसे करें आवेदन"
https://www.ulbjammu.org/employee-pension-scheme/,EPS 95 Pension Scheme: Demand for Minimum ₹7500 Pension with Arrears Payment
https://www.ulbjammu.org/eps-95-pension/,"EPS-95 पेंशन के 3 प्रमुख लाभ: ₹1,000 से ₹7,500 तक पेंशन, जानें कैसे"
https://www.ulbjammu.org/bank-fd-new-guidelines/,मार्च 2025 से बदल गए FD के नियम! FD कराने से पहले जरूर जान लें ये 4 नए नियम Bank FD New Guidelines
https://www.ulbjammu.org/delhi-women-scheme/,दिल्ली की महिलाओं के लिए बड़ी खुशखबरी! 8 मार्च को सीधे अकाउंट में आएंगे ₹2500 – जानें कैसे मिलेगा फायदा
https://www.ulbjammu.org/private-companies-workers-salary-hike/,"खुशखबरी! प्राइवेट कर्मचारियों की सैलरी बढ़ी, अब होगी हर महीने ज्यादा कमाई Private Companies Workers Salary Hike"
https://www.ulbjammu.org/dearness-allowance/,"होली से पहले कर्मचारियों-पेंशनरों को तोहफा, महंगाई भत्ता बढ़ा, कैबिनेट की मंजूरी, जल्द खाते में बढ़कर आएगी सैलरी"
https://www.ulbjammu.org/lic-pension-plan/,"LIC Pension Plan : Get Rs. 20,000 Monthly Pension with This Policy – Complete Details"
https://www.ulbjammu.org/green-field-expressway/,"Green Field Expressway : श्रीगंगानगर से जयपुर तक नया ग्रीन फील्ड एक्सप्रेसवे, जानिए कौनसे जिलों से होकर गुजरेगी यह एक्सप्रेसवे"
https://www.ulbjammu.org/post-office-nsc-scheme-updates/,Post Office NSC Scheme : 5 साल में मिलेंगे 43 लाख 47 हजार नए नियम लागू
https://www.ulbjammu.org/retriment-age-increased/,"सरकारी कर्मचारियों के लिए बड़ी खुशखबरी! रिटायरमेंट की उम्र बढ़ी, अब मिलेगी ज्यादा नौकरी का मौका! सरकार ने किया ऐलान"
https://www.ulbjammu.org/epfo-pension-orders-news/,"EPFO Issues 21,885 Pension Orders: Directs 1.65 Lakh Employees to Deposit Higher Amounts"
https://www.ulbjammu.org/rent-in-delhi/,"दिल्ली में किराए पर घर लगाने और लेने वाले लोगों को लगा झटका, अब किराए पर नहीं मिलेगा घर"
https://www.ulbjammu.org/retirement-age-hike-update/,Retirement Age Hike : No More Retirement at 60? High Court’s Landmark Decision Brings Golden Opportunity for Government Employees
https://www.ulbjammu.org/retirement-age-hike/,"Retirement Age Hike : अब 60 में नहीं होगी रिटायरमेंट हाईकोर्ट का बड़ा फैसला, सरकारी कर्मचारियों के लिए सुनहरा मौका"
https://www.ulbjammu.org/da-hike-2025-update/,"DA Hike 2025: Big Relief for 1.15 Crore Families as Dearness Allowance Reaches 56%, Official Announcement Date Revealed"
https://www.ulbjammu.org/widow-pension-scheme-2/,"विधवा महिलाओं की पेंशन में हुई बढ़ोतरी, हर महीने मिलेंगे इतने रुपए एक्स्ट्रा Widow Pension Scheme"
https://www.ulbjammu.org/up-new-expressway-latest-updates/,"यूपी में तीन नए एक्सप्रेसवे का निर्माण जुलाई से शुरू होगा, इसी महीने कंसल्टेंट का चयन"
https://www.ulbjammu.org/indias-nine-expressway/,"भारत का अकेला शहर जहां से निकलेंगे 9 एक्सप्रेसवे, नाम सुनकर तो नहीं होगा विश्वास India's 9 Expressway"
https://www.ulbjammu.org/toll-tax/,"NCR में फरवरी से बंद होगा यह टोल प्लाजा, हजारों लोगों को मिलेगी Toll Tax से राहत"
https://www.ulbjammu.org/government-employee-news/,Government Employees Get a Major Boost: Retirement Age Increased!
https://www.ulbjammu.org/da-hike-updates/,"प्रदेश के कर्मचारियों-पेंशनरों के लिए खुशखबरी, DA में फिर 3 प्रतिशत बढ़ोतरी का ऐलान, वेतन में होगा बंपर इजाफा"
https://www.ulbjammu.org/epfo-pension-orders/,"EPFO ने जारी किए 21,885 पेंशन आदेश, 1.65 लाख लोगों को ज्यादा अमाउंट जमा करने का निर्देश"
https://www.ulbjammu.org/senior-citizen-savings-scheme/,
https://www.ulbjammu.org/employees-pension-scheme/,
https://www.ulbjammu.org/post-office-national-saving-certificate/,
https://www.ulbjammu.org/epfo-pension/,
https://www.ulbjammu.org/epfo-salary-hike-latest-updates/,
https://www.ulbjammu.org/epfo-employer/,
https://www.ulbjammu.org/post-office-ppf-scheme/,
https://www.ulbjammu.org/ganga-expressway-update/,
https://www.ulbjammu.org/8th-pay-commission-salary/,
https://www.ulbjammu.org/up-shikshamitras-salary-double/,
https://www.ulbjammu.org/post-office-ppf-scheme-update/,"Post Office PPF Scheme : Earn ₹22.78 Lakh by Investing ₹1,000 to ₹7,000 Monthly"
https://www.ulbjammu.org/old-pension-scheme-news/,"Old Pension Scheme News : खुशखबरी! यूपी के शिक्षक कर्मचारियों को मिली पुरानी पेंशन, कर्मचारियों में खुशी की लहर"
https://www.ulbjammu.org/epfo-pension-yojana/,EPFO Pension : 10 साल की नौकरी में हर महीने कितनी पेंशन मिलेगी? जानें यहां चौंकाने वाले फायदे
https://www.ulbjammu.org/delhi-dehradun-expressway/,Delhi Dehradun Expressway : सफर होगा सुपरफास्ट और लग्जरी! इस तारीख से शुरू होगा एक्सप्रेसवे – जानें पूरा रूट प्लान
https://www.ulbjammu.org/new-retirement-age-hike-latest-news/,Government Announces Retirement Age Hike: A Lifetime Relief for Government Employees
https://www.ulbjammu.org/toll-tax-new-plan/,Toll Tax Reform: One-Time Payment for Unlimited Free Crossings – Nitin Gadkari’s New Plan
https://www.ulbjammu.org/government-news/,Government News : सरकारी कर्मचारियों के लिए आई बड़ी खबर! रिटायरमेंट की उम्र बढ़ी
https://www.ulbjammu.org/delhi-dehradun-highway/,"Delhi-Dehradun Highway : जल्द खुलेगा शानदार एक्सप्रेसवे, जानिए तारीख, रूट और बजट की पूरी जानकारी"
https://www.ulbjammu.org/up-new-national-highway/,"UP New National Highway : यूपी के इन जिलों के बीच बनेगा फोर लेन नेशनल हाईवे! जमीन के बढ़ेंगे दाम, जानें पूरी खबर"
https://www.ulbjammu.org/post-office-ppf-account-scheme/,"Post Office की धांसू PPF Account Scheme में 1500, 2000, 3000, 4000 और 5000 रुपये इकट्ठा करने पर मिलेंगे 54 लाख रिटर्न जाने पूरी प्रोसेस"
https://www.ulbjammu.org/delhi-mumbai-expressway-latest-updates/,"Expressway: दिल्ली-मुंबई एक्सप्रेसवे पर सफर करने से पहले जान लें बड़ी अपडेट, इन रूट पर हुआ बदलाव"
https://www.ulbjammu.org/da-hike-2025/,"DA Hike 2025 : Big Relief for 1.15 Crore Families as Dearness Allowance Reaches 56%, Official Announcement Date Revealed"
https://www.ulbjammu.org/up-expressway-latest-update/,"UP में इन जिलों के 64 गांवों से हो कर निकलेगा एक्सप्रेसवे, कई इलाकों में विकास को लगेंगे पंख"
https://www.ulbjammu.org/new-ganga-expressway/,"यूपी: गंगा एक्सप्रेसवे को जेवर एयरपोर्ट से जोड़ेगा नया एक्सप्रेसवे, 76 किमी के रास्ते पर आएगी 4415 करोड़ की लागत"
https://www.ulbjammu.org/old-pension-scheme/,"पुरानी पेंशन को लेकर आ गई बड़ी खबर, जल्दी देखे क्या है अपडेट OPS March 2025 Update"
https://www.ulbjammu.org/epfo-salary-hike-latest-news/,EPFO Salary Hike: Big Boost for Private Sector Employees’ Salaries and Pensions!
https://www.ulbjammu.org/first-class-admission/,"पहली क्लास में एडमिशन की उम्र सीमा तय, सरकारी और प्राइवेट स्कूलों के लिए निर्देश हुए जारी First Class Admission"
https://www.ulbjammu.org/bank-fd-new-guideline/,New Fixed Deposit (FD) Rules from March 2025: What You Need to Know Before Investing
https://www.ulbjammu.org/up-greenfield-highway-news/,"यूपी में बनेगा 112 KM लंबा ग्रीनफील्ड हाईवे, कई जिलों के 96 गांवों को होगा फायदा"
https://www.ulbjammu.org/post-office-nsc-scheme-update/,Post Office NSC Scheme : 80 हजार रूपये जमा करने पर 5 साल बाद मिलेंगे इतने रूपये ?
https://www.ulbjammu.org/ganga-expressway-updates/,"खुशखबरी! हरिद्वार तक होगा Ganga Expressway का निर्माण, इन जिलों से गुजरेगा; जान लें रूट"
https://www.ulbjammu.org/post-office-scheme-new-update/,"पोस्ट ऑफिस स्कीम : हर महीने ₹5000 जमा करो और पाओ ₹40,68,220 का मोटा फायदा, अभी जानो पूरी जानकारी"
https://www.ulbjammu.org/old-pension-yojana/,"OLD Pension Scheme Good News : पुरानी पेंशन योजना बहाली पर बड़ी खबर, 15 अप्रैल से लागू हो रहे नए नियम"
https://www.ulbjammu.org/elevated-road/,"खुशखबरी! ग्रेटर नोएडा से दिल्ली तक बिना रुके दौड़ेंगी गाड़ियां, एलिवेटेड रोड का काम हुआ फिर से शुरू"
https://www.ulbjammu.org/new-lic-scheme/,"5 मिनट में LIC की इस स्कीम से जुड़ें, पाएं 60 की उम्र तक ₹50 लाख का रिटर्न"
https://www.ulbjammu.org/da-hike/,"DA Hike : 1 करोड़ 15 लाख परिवारों के लिए खुशखबरी, महंगाई भत्ता 56%, एलान की तारीख आई सामने"
https://www.ulbjammu.org/delhi-governments-updated-news/,"Delhi’s New Government Brings Major Benefits: Pensions, Electricity, and Special Schemes for Women"
https://www.ulbjammu.org/lic-policy-update/,"LIC की इस पॉलिसी से हर महीने मिलेगी 20 हजार रुपये पेंशन, जानिये कैसे उठाएं लाभ"
https://www.ulbjammu.org/new-pension-rules-update/,"Major Pension Rule Changes from February 1, 2025: Impact on Elderly, Widows, and Disabled Individuals"
https://www.ulbjammu.org/epfo-employees-update/,"EPFO कर्मचारियों के लिए बड़ा फायदा! 15,000 रुपये सैलरी वालों को सीधे मिलेगा ये जबरदस्त लाभ!"
https://www.ulbjammu.org/post-office-fd-scheme/,Post Office FD Scheme : 2 लाख जमा पर इतने लाख मिलेंगे 5 साल में
https://www.ulbjammu.org/epfo-pensioners-update/,"EPFO कर्मचारियों के लिए खुशखबरी, ₹15,000 सैलरी वालों को मिलेगा सीधा कैश बेनिफिट! चेक करें कहीं आपका नाम तो नहीं?"
https://www.ulbjammu.org/delhi-government-updated-news/,"Delhi's New Government Brings Major Benefits: Pensions, Electricity, and Special Schemes for Women"
https://www.ulbjammu.org/lic-policy/,"LIC की इस पॉलिसी से हर महीने मिलेगी 20 हजार रुपये पेंशन, जानिये कैसे उठाएं लाभ"
https://www.ulbjammu.org/post-office-national-savings-certificate/,Post Office National Savings Certificate (NSC) – Turn ₹10 Lakh into ₹72 Lakh in 5 Years! Full Scheme Details & Benefits
https://www.ulbjammu.org/epfo-employees-news/,"EPFO Employees to Get a Major Benefit! Direct Advantage for Salaries Up to ₹15,000"
https://www.ulbjammu.org/up-expressway/,"UP के इस जिले में बनेगा नया 65 किमी. लंबा फोरलेन एक्सप्रेसवे, सफर में समय की होगी बचत"
https://www.ulbjammu.org/post-office-new-scheme/,"Post Office New Scheme : बस हर महीने ₹2,500 जमा करें और 5 साल में बन जाएं मालामाल, इतनी बड़ी रकम देखकर उड़ जाएंगे होश"
https://www.ulbjammu.org/salary-hike-update/,महंगाई भत्ता अपडेट : 6 महीने का एरियर और सैलरी में तगड़ा उछाल! पेंशनर्स और कर्मचारियों के खातों में आएगी मोटी रकम
https://www.ulbjammu.org/government-employee-update/,Government Employees Get a Major Boost: Retirement Age Increased!
https://www.ulbjammu.org/toll-free-highway/,"यूपी के लोगों के लिए बड़ी खुशखबरी, टोल फ्री हुए ये हाईवे, नहीं देना होगा एक भी पैसा, देखें लिस्ट"
https://www.ulbjammu.org/rbi-new-orders/,"लोन नहीं भर पा रहे लोगों को RBI का झटका, लोन रिकवरी के लिए बड़ा आदेश"
https://www.ulbjammu.org/retirement-age-hike-news-updates/,Government Announces Major Retirement Age Hike: A Lifelong Relief for Government Employees
https://www.ulbjammu.org/unified-pension-scheme/,Unified Pension Scheme : UPS में 2004 के बाद रिटायर हुए कर्मचारियों के लिए क्या हैं विकल्प?
https://www.ulbjammu.org/lic-one-man-office/,"LIC ने लॉन्च की ‘वन मैन ऑफिस’ ऑनलाइन सेवा, एजेंट्स का काम होगा आसान"
https://www.ulbjammu.org/ganga-expressway-updated-news/,Ganga Expressway to Extend to Haridwar: Full Route Map and Districts Covered
https://www.ulbjammu.org/eps95-pension-scheme/,EPS95 Pension Update: पेंशनभोगियों की बल्ले-बल्ले! EPS95 पेंशन में इजाफा
https://www.ulbjammu.org/up-news-updates/,"UP News : 22 जिलों और 37 तहसीलों से होकर गुजरेगा यूपी का ये नया एक्सप्रेसवे, 35,000 करोड़ रुपये की आएगी लागत"
https://www.ulbjammu.org/rbi-new-rules-news/,RBI Provides Big Relief for EMI Payers: New Rules Effective from 1st Date
https://www.ulbjammu.org/green-field-expressway-updates/,"UP में 1,620 करोड़ से बनेगा 2 जिलों के बीच ग्रीन फील्ड एक्सप्रेसवे, 2027 तक होगा तैयार"
https://www.ulbjammu.org/old-pension-scheme-updates/,"सरकारी कर्मचारियों के रिटायरमेंट के नियमो में बड़ा बदलाव, जानिए पूरी जानकारी Old Pension Scheme Rules Change "
https://www.ulbjammu.org/eps-95-pension-yojana/,"EPS 95 पेंशनधारकों के लिए खुशखबरी! पेंशन वृद्धि तय, अब मिलेगा ₹7500 और महंगाई भत्ता"
https://www.ulbjammu.org/lic-investment-guide/,LIC में कितने साल में डबल हो जाता है पैसा? जानें पूरी जानकारी
https://www.ulbjammu.org/fastag-toll-update/,Fastag Toll Update : अब नई व्यवस्था से होगी टोल वसूली! हाईवे से टोल प्लाजा हटाने की तैयारी
https://www.ulbjammu.org/up-new-highway-latest-news/,"UP मे 112 किमी के नए हाईवे को मिली हरी झंडी, 96 गांवों की किस्मत बदलेगा ये हाईवे"
https://www.ulbjammu.org/tax-news/,Tax 2025 : बैंक खाते से पैसे निकाले गए पैसों पर भी लगेगा टैक्स
https://www.ulbjammu.org/eps-95-pension-scheme/,"EPS-95 Pension Scheme : 3 Major Benefits and How You Can Get ₹1,000 to ₹7,500 Monthly Pension"
https://www.ulbjammu.org/jio-999rs-mobile/,"Jio 999rs Mobile : गरीबों का मसीहा Jio ने लॉन्च किया 999 रुपये में स्मार्टफोन, जानें फीचर्स"
https://www.ulbjammu.org/kvs-admission-2025-latest-updates/,"KVS Admission 2025: केंद्रीय विद्यालय में एडमिशन कराने के लिए, जान लें एडमिशन प्रक्रिया"
https://www.ulbjammu.org/pension-update-news/,मार्च 2025 से पेंशन मिलनी शुरू! जानें वृद्धावस्था और दिव्यांग पेंशन अपडेट! Pension Update 2025
https://www.ulbjammu.org/lic-bima-sakhi-yojana/,"LIC Bima Sakhi Yojana : भारतीय महिलाओं को मिलेगा सरकारी रोजगार और 7000/-, सरकार देगी अपने साथ काम करने का मौका"
https://www.ulbjammu.org/delhi-dehradun-expressway-updates/,Delhi-Dehradun Expressway : A Superfast and Luxurious Journey Begins Soon! Complete Route Plan and Details
https://www.ulbjammu.org/7th-pay-commission/,"7th pay commission : केंद्रीय कर्मचारियों को तगड़ा झटका, अब नहीं मिलेगी पेंशन-ग्रेच्युटी"
https://www.ulbjammu.org/new-fastag-update/,"FASTag System to Be Discontinued: How Toll Collection Will Change from March 1, 2025"
https://www.ulbjammu.org/government-employees-update/,"सरकारी नौकरी वालों के लिए बड़ी खुशखबरी! अब रिटायरमेंट 62 साल में, हाईकोर्ट का ऐतिहासिक फैसला"
https://www.ulbjammu.org/new-pension-rules-updates/,"पेंशन नियमों में बड़ा अपडेट! सरकारी कर्मचारियों के रिटायरमेंट के नियम बदले, जानिए पूरी जानकारी"
https://www.ulbjammu.org/new-pensions-rules/,"1 मार्च 2025 से पूरे देश में बड़े बदलाव होंगे, पेंशन 6 नियम लागू, वृद्धा, विधवा और विकलांग पेंशन पर लगेगा असर"
https://www.ulbjammu.org/lic-jeevan-labh-policy/,LIC Jeevan Labh Policy: रोज ₹243 रुपये जमा करने पर मिलेंगे 54 लाख रुपये
https://www.ulbjammu.org/da-hike-latest-updates/,"DA Hike : फाइनल लग ही गया पता, केंद्रीय कर्मचारियों को इतना बढ़ेगा महंगाई भत्ता।"
https://www.ulbjammu.org/pan-card-2-0/,Pan Card 2.0 लॉन्च! अब हर किसी के लिए जरूरी – घर बैठे बनवाएं और जानें कब तक मिलेगा
https://www.ulbjammu.org/new-retirement-age-hike-latest-updates/,Government Raises Retirement Age: A Lifetime Benefit for Government Employees
https://www.ulbjammu.org/up-expressway-updates/,"इन जिलों से होकर गुजरेगा 700KM लंबा एक्सप्रेसवे, जमीन कीमतों में आएगा भारी उछाल UP Expressway"
https://www.ulbjammu.org/ration-card-rules/,"1 मार्च 2025 से राशन कार्ड धारकों के लिए आई बड़ी खुशखबरी, जानें नए साल के 6 नए बदलाव, हर परिवार को होगा बड़ा लाभ"
https://www.ulbjammu.org/up-new-highway/,"UP की तरक्की का बड़ा धमाका, अब 120Km का सफर सिर्फ 2 घंटे में, जमीन के दाम होंगे आसमान छूने वाले"
https://www.ulbjammu.org/up-greenfield-expressway/,UP Gets Another Mega Highway: Six-Lane Greenfield Expressway to Boost Connectivity and Land Prices
https://www.ulbjammu.org/fastag-updated-news/,"FASTag to Be Discontinued: New Toll Collection System from March 1, 2025"
https://www.ulbjammu.org/senior-citizen-savings-scheme-update/,"Senior Citizen Savings Scheme : पोस्ट ऑफिस की स्कीम में हर महीने मिलेगा ₹20,500 का ब्याज"
https://www.ulbjammu.org/post-office-mis-scheme/,"Post Office MIS Scheme : पोस्ट ऑफिस की सुपरहिट स्कीम से हर महीने पाएं ₹5,550 पेंशन, तरीका इतना आसान कि जानकर रह जाएंगे हैरान"
https://www.ulbjammu.org/fd-scheme/,"FD Scheme : पत्नी के नाम FD करने का बड़ा फायदा, ज्यादातर लोगों को नहीं है जानकारी।।"
https://www.ulbjammu.org/new-expressway-latest-update/,NHAI ने जमीन खरीदनी शुरू की अपने नए एक्सप्रेसवे प्रोजेक्ट के लिए देखिये कौन बनेगा मालामाल
https://www.ulbjammu.org/up-expressway-latest-news/,
https://www.ulbjammu.org/post-office-monthly-savings-scheme/,
https://www.ulbjammu.org/lic-jeevan-anand-policy-updates/,
https://www.ulbjammu.org/eps-95-pension-scheme-3-major-benefits-and-how-you-can-get-₹1000-to-₹7500-monthly-pension/,
https://www.ulbjammu.org/salary-hike/,
https://www.ulbjammu.org/fastag-updates/,
https://www.ulbjammu.org/up-new-expressway/,
https://www.ulbjammu.org/government-employees-news/,
https://www.ulbjammu.org/da-increased-news/,
https://www.ulbjammu.org/pension-new-rules/,
https://www.ulbjammu.org/greenfield-expressway/,
https://www.ulbjammu.org/delhi-ncr-property-rates/,
https://www.ulbjammu.org/epfo-aadhaar-linking/,
https://www.ulbjammu.org/post-office-ppf-scheme-latest-news/,
https://www.ulbjammu.org/delhi-dehradun-expressway-update/,
https://www.ulbjammu.org/rbi-new-rules/,
https://www.ulbjammu.org/delhi-bijli-meter-e-kyc/,
https://www.ulbjammu.org/senior-citizen-gift/,
https://www.ulbjammu.org/old-pension-scheme-update/,
https://www.ulbjammu.org/new-up-expressways/,
https://www.ulbjammu.org/bijli-bill-mafi-yojana-2025/,
https://www.ulbjammu.org/lic-new-policy/,
https://www.ulbjammu.org/sbi-senior-citizen-gift/,
https://www.ulbjammu.org/lic-bima-sakhi-scheme/,
https://www.ulbjammu.org/widow-pension-scheme-updates/,
https://www.ulbjammu.org/epfo-new-rules/,
https://www.ulbjammu.org/lic-smart-pension-plan/,
https://www.ulbjammu.org/new-lic-scheme-news/,
https://www.ulbjammu.org/electricity-bill-news/,
https://www.ulbjammu.org/post-office-nsc-scheme-latest-news/,
https://www.ulbjammu.org/lic-scholarship-scheme/,"LIC Scholarship Scheme : 40,000 रुपये तक की स्कॉलरशिप पाने का सुनहरा मौका, जल्द करें आवेदन"
https://www.ulbjammu.org/government-bank-interest-rate/,"1 साल की FD पर 30 हजार रुपये ब्याज दे रहा ये सरकारी बैंक, आने वाले दिनों में घट जाएंगी ब्याज दरें"
https://www.ulbjammu.org/kvs-admission-2025/,"KVS Admission 2025 : केंद्रीय विद्यालयों में एडमिशन प्रक्रिया शुरू होने वाली है, देखें किसे और कैसे मिलेगा एडमिशन"
https://www.ulbjammu.org/delhi-jaipur-mumbai-expressway/,"दिल्ली-जयपुर-मुंबई के किसानो की ज़िन्दगी मे आएगा बड़ा बदलाव, NE-4C हाईवे से जुड़ेगा देश का सबसे बड़ा एक्सप्रेस-वे"
https://www.ulbjammu.org/up-greenfield-highway-update/,112 KM Long Greenfield Highway to be Built in Uttar Pradesh: A Game Changer for Connectivity
https://www.ulbjammu.org/toll-tax-updates/,"एकबार पेमेंट के बाद मुफ्त क्रॉस कर पाएंगे टोल, नितिन गडकरी ने बनाया खास प्लान Toll Tax"
https://www.ulbjammu.org/epfo-pension-latest-news/,"EPFO Pension : फायदा ही फायदा! 80 लाख पेंशनधारकों के लिए सेंट्रलाइज्ड पेंशन पेमेंट सिस्टम लेकर आया बड़ी खुशखबरी, जानिए कैसे"
https://www.ulbjammu.org/3-national-highways-in-up/,"UP : इन 3 नेशनल हाईवे ने 195 गांवों के किसानों को बना दिया मालामाल, जाने पूरी जानकारी"
https://www.ulbjammu.org/governments-new-rules-2025/,"सावधान! LPG गैस सिलेंडर और राशन कार्ड पर 15 मार्च 2025 में लागू होंगे नए नियम, जानें सरकार के नए नियम"
https://www.ulbjammu.org/income-tax-updates/,"Income Tax : इन 10 कमाई पर नहीं देना पड़ता एक रुपया भी टैक्स, जानिये इनकम टैक्स के नियम"
https://www.ulbjammu.org/old-pension-update/,
https://www.ulbjammu.org/up-new-expressways/,
https://www.ulbjammu.org/sip-plan-update/,
https://www.ulbjammu.org/indias-nine-expressway-update/,
https://www.ulbjammu.org/delhi-jaipur-mumbai-expressway-news/,
https://www.ulbjammu.org/cibil-score-news/,
https://www.ulbjammu.org/lic-retirement-plan/,
https://www.ulbjammu.org/delhi-to-katra-expressway/,
https://www.ulbjammu.org/post-office-rd-scheme/,
https://www.ulbjammu.org/pay-commission-update/,
https://www.ulbjammu.org/lic-new-endowment-plus/,
https://www.ulbjammu.org/green-field-express-way/,
https://www.ulbjammu.org/post-office-scheme-update/,
https://www.ulbjammu.org/job-updates/,
https://www.ulbjammu.org/post-office-scheme-latest-news/,
https://www.ulbjammu.org/income-tax-free/,
https://www.ulbjammu.org/lpg-cylinder-price/,
https://www.ulbjammu.org/green-highway/,
https://www.ulbjammu.org/rbi-new-rules-latest-updates/,
https://www.ulbjammu.org/pension-updates/,
https://www.ulbjammu.org/pension-yojana/,Private Job वालों के लिए खुशखबरी! 10 साल की नौकरी पर मिलेगी पेंशन
https://www.ulbjammu.org/toll-tax-latest-update/,"Toll Tax को लेकर सरकार का बड़ा फैसला, पूरे देश में एक जैसा लगेगा टोल टैक्स"
https://www.ulbjammu.org/lic-jeevan-lakshya/,LIC Jeevan Lakshya : जानिए कैसे LIC की ये स्कीम पॅालिसीहोल्डर की मौत के बाद भी उठा सकती है प्रीमियम का खर्चा
https://www.ulbjammu.org/employees-holiday/,"Employees Holiday : हफ्ते में केवल 4 दिन ही काम करेंगे कर्मचारी, अप्रैल से हर हफ्ते में 3 दिन रहेगी छुट्टी"
https://www.ulbjammu.org/post-office-scheme-news/,"Post Office की जबरदस्त स्कीम, बुजुर्गों के लिए एक बार निवेश करें और पाएं शानदार रिटर्न, जानें पूरी डिटेल्स"
https://www.ulbjammu.org/up-new-city-news/,"UP's New Mega City Project: 15 Villages to Turn Millionaire Farmers, Land Acquisition to Transform Fortunes"
https://www.ulbjammu.org/circle-rate/,"Circle Rate Update: यूपी के इस जिले में महंगी होने वाली है जमीन, 15 से 25 प्रतिशत बढ़ेगा सर्किल रेट"
https://www.ulbjammu.org/epfo-news/,"EPFO News: 2025 से आपके PF अकाउंट पर लागू होंगे ये 5 नए नियम, जानें क्या बदलने वाला है और कैसे होगा फायदा"
https://www.ulbjammu.org/lpg-gas-cylinder-price/,"LPG Gas Cylinder Price Today : एलपीजी गैस सिलेंडर पर बड़ा झटका, आज से महंगा हुआ गैस सिलेंडर, दिल्ली से लेकर पटना तक बढ़ गए रेट"
https://www.ulbjammu.org/indian-post-office-job/,"10वीं पास के लिए सुनहरा मौका, बिना परीक्षा Indian Post Office में नौकरी, सैलरी ₹19,000 से ज्यादा, जल्द करें आवेदन"
https://www.ulbjammu.org/green-field-expressway-news/,
https://www.ulbjammu.org/good-news-for-pensioners/,
https://www.ulbjammu.org/old-pension-scheme-latest-updates/,
https://www.ulbjammu.org/epfo-new-rules-latest-updates/,
https://www.ulbjammu.org/new-pension-rules-news/,
https://www.ulbjammu.org/post-office-scheme-latest-updates/,
https://www.ulbjammu.org/new-ring-road/,
https://www.ulbjammu.org/new-expressway-update/,
https://www.ulbjammu.org/income-tax-slab-2025/,
https://www.ulbjammu.org/post-office-ppf-scheme-new/,
https://www.ulbjammu.org/epfo-employees-updated-news/,
https://www.ulbjammu.org/delhi-mumbai-expressway-update/,
https://www.ulbjammu.org/haryana-national-highway/,
https://www.ulbjammu.org/pension-fixation-method-2025/,
https://www.ulbjammu.org/post-office/,
https://www.ulbjammu.org/post-office-fd-2025/,
https://www.ulbjammu.org/uttar-pradesh-long-expressway/,
https://www.ulbjammu.org/post-office-scheme-updated-news/,
https://www.ulbjammu.org/new-expressway/,
https://www.ulbjammu.org/south-africa-big-wage-hike/,
https://www.ulbjammu.org/post-office-fd/,
https://www.ulbjammu.org/2025-pension-update/,
https://www.ulbjammu.org/toll-tax-free/,
https://www.ulbjammu.org/new-widow-pension-scheme/,
https://www.ulbjammu.org/epfo-aadhar-linking/,
https://www.ulbjammu.org/kisan-loan-maaf/,
https://www.ulbjammu.org/laborers-pension/,
https://www.ulbjammu.org/epfo-employees-updates/,
https://www.ulbjammu.org/toll-tax-latest-updates/,
https://www.ulbjammu.org/new-bank-loan-rules/,
https://www.ulbjammu.org/new-pension-rules-2025/,
https://www.ulbjammu.org/up-four-lane-highway/,
https://www.ulbjammu.org/bihar-pension-e-kyc-online-2025/,
https://www.ulbjammu.org/government-employees-holi-bonus/,
https://www.ulbjammu.org/public-holidays/,
https://www.ulbjammu.org/da-hike-2025-before-holi/,
https://www.ulbjammu.org/government-capture/,
https://www.ulbjammu.org/green-field-expressway-update/,
https://www.ulbjammu.org/toll-tax-rule/,
https://www.ulbjammu.org/toll-free-highway-news/,
https://www.ulbjammu.org/vridha-pension-online-apply-2025/,"Vridha Pension Online Apply 2025 : जानिए कैसे करें आवेदन, क्या हैं लाभ, पात्रता और आवश्यक दस्तावेज"
https://www.ulbjammu.org/up-new-city-latest-news/,"UP's New Mega City Plan: 15 Villages to Transform, Farmers Set to Become Millionaires"
https://www.ulbjammu.org/naya-shahar-yojna-news/,A New City to Rise in Uttar Pradesh: Land Acquisition to Benefit Farmers of 15 Villages
https://www.ulbjammu.org/gold-price-today/,"Gold Price Today : सोना अचानक हुआ इतना महंगा, बजट के बाद सोने में रिकॉर्ड तोड़ तेजी, जानिए 22 कैरेट से लेकर 24 कैरेट सोने का ताजा प्राइस।"
https://www.ulbjammu.org/jiobook-2025/,"JioBook 2025 : सस्ता लैपटॉप लेकर आया Jio, जानिए फीचर्स, कीमत और क्यों है यह खास"
https://www.ulbjammu.org/dl-rc-and-insurance-rules/,"DL, RC और इंश्योरेंस रखने से नहीं चलेगा काम, इस कागजात के बिना कटेगा हजारों का चालान"
https://www.ulbjammu.org/new-pan-card-2-0/,PAN Card 2.0 Launched! Essential for Everyone – Apply from Home and Know When You Will Receive It
https://www.ulbjammu.org/national-highway-latest-update/,National Highway : नितिन गडकरी का बड़ा ऐलान! नेशनल हाईवे पर यात्रियों को राहत देगी सरकार
https://www.ulbjammu.org/fastag-update-latest-updates/,"Fastag Update : बदल रहे हैं फास्टैग के नियम, एक गलती से देना पड़ सकता है 30 हजार रुपए, जानें क्यों"
https://www.ulbjammu.org/bank-loan-rules/,"लोन EMI न भरने वालों के लिए बड़ी खबर, नहीं होंगे डिफॉल्टर Bank Loan Rules"
https://www.ulbjammu.org/gram-panchayat-free-electricity-scheme/,"अब इस राज्य के इतने ग्राम पंचायतो में मिलेगी 300 यूनिट फ्री बिजली, जानिए कैसे आप भी इसका लाभ उठा सकते हैं"
https://www.ulbjammu.org/post-office-jobs/,"Post Office Jobs : बिना परीक्षा के सरकारी नौकरी पाने का शानदार मौका, इंडिया पोस्ट में 21,413 पदों पर निकली भर्ती, तुरंत करें अप्लाई"
https://www.ulbjammu.org/widow-pension-scheme-news/,"Widow Pension Scheme : Massive Increase in Benefits – Get Extra Thousands Per Month, Check Now!"
https://www.ulbjammu.org/government-new-plan/,"हर गांव में 25 गरीब परिवारों की किस्मत चमकेगी! सरकार दे रही ऐसी सुविधाएं, जिन पर यकीन करना मुश्किल – जल्दी चेक करें"
https://www.ulbjammu.org/fastag-update-latest-news/,"Fastag Update : अगर आप भी चलाते हैं फास्टैग तो जान ले ये खबर, वरना होगा भारी नुकसान"
https://www.ulbjammu.org/expressway-new-rules/,"Expressway New Rules : एक्सप्रेस-वे पर लागू होगा चालान का नया नियम, सभी को जानना जरूरी, वरना देना होगा भारी जुर्माना।"
https://www.ulbjammu.org/sbi-pnb-or-icici-loan/,"SBI, PNB या ICICI, कौन सा बैंक दे रहा सबसे सस्ता लोन, जानिये 1 लाख के लोन पर कितनी बनेगी EMI"
https://www.ulbjammu.org/fastag-users-news/,"FasTag Users : फास्टैग यूजर्स के लिए बड़ी अपडेट, अब देना होगा इतना टोल"
https://www.ulbjammu.org/senior-citizen-savings-scheme-news/,"Senior Citizen Savings Scheme : Earn ₹21,15,000 in Just 5 Years with This Investment"
https://www.ulbjammu.org/income-tax/,"Income Tax : इनकम टैक्स बचाने के लिए जल्दी से करें ये काम, एक बार में होगी लाखों की बचत"
https://www.ulbjammu.org/private-company-workers-salary-hike/,Big Salary Hike for Private Employees: More Earnings Every Month!
https://www.ulbjammu.org/fastag-new-rules/,FASTag का नया नियम : अप्रैल से बदल जाएगा सिस्टम! गाड़ी चलाने वालों के लिए बड़ा झटका या राहत? अभी जानें
https://www.ulbjammu.org/toll-tax-new-rule/,"Toll Tax Rule : अब बिना टैक्स चुकाए कर सकते हैं टोल पार, जानें NHAI का नया नियम"
https://www.ulbjammu.org/loan-settlement/,"Loan Settlement Rules: लोन सेटलमेंट करने वाले हो जाएं सावधान, पहले जान लें इसके नुकसान"
https://www.ulbjammu.org/new-highway-update/,"₹10,199 Crore Mega Four Lane Highway in your City : A Game Changer for Connectivity and Landowners"
https://www.ulbjammu.org/ipl-schedule-2025/,"IPL Schedule 2025 : BCCI ने जारी किया आईपीएल 2025 की तारिक, इन 2 टीमों को लगा तगड़ा झटका शुरुआत में ही"
https://www.ulbjammu.org/gram-panchayat-land-leases-news/,Great News for Villagers! Gram Panchayat is Providing Land Leases – Know How to Apply
https://www.ulbjammu.org/up-green-field-highway/,UP Gets Another Major Highway : Six-Lane Greenfield Expressway to Boost Connectivity & Land Prices
https://www.ulbjammu.org/delhi-mumbai-expressway-updates/,Delhi Mumbai Expressway : Major Updates on Toll & others you should know before Traveling
https://www.ulbjammu.org/underground-new-highway/,"Underground New Highway : 85 KM तक जमीन के नीचे से गुजरेगा देश का ये हाईवे, लोगों को मिलेगा ये बड़ा फायदा"
https://www.ulbjammu.org/post-office-scheme-latest-update/,"Post office scheme: 10 लाख के बदले 30 लाख, इस सरकारी स्कीम में लगाएं पैसा"
https://www.ulbjammu.org/rbi-new-rules-latest-update/,"RBI New Rules : 1 नवंबर से बदला बैंक का यह नियम, जान ले यह जरूरी अपडेट।"
https://www.ulbjammu.org/new-driving-rules/,Driving Without This Document? Get Ready for a Hefty Fine!
https://www.ulbjammu.org/bcci-new-rules/,BCCI के कड़े नियमों से रोहित-विराट की निजी जिंदगी पर असर! अब रीतिका-अनुष्का को रहना होगा अलग?
https://www.ulbjammu.org/new-senior-citizen-card/,नया सीनियर सिटीजन कार्ड कैसे बनवाएं? जानें दस्तावेज़ और आवेदन की पूरी प्रक्रिया! New Senior Citizen Card
https://www.ulbjammu.org/employees-pension-scheme-update/,Employees Pension Scheme Update : 58 साल की उम्र तक प्राइवेट नौकरी करने वालों को मिलेगी इतनी पेंशन
https://www.ulbjammu.org/epfo-pension-updates/,EPFO Pension : 80 लाख पेंशनधारकों के लिए जबरदस्त खुशखबरी सेंट्रलाइज्ड पेंशन सिस्टम से मिलेगा डबल फायदा
https://www.ulbjammu.org/unmarried-pension-yojana/,"अब अनमैरिड लोगों को भी हर महीने मिलेगी पेंशन, बैंक खाते में आएंगे इतने रुपए - Unmarried Pension Yojana"